"id","treatment","Z","russia","warfare","direct","indirect","economic","political","general"
1,"T1","1.000000",2,3,2.828,2.172,2.172,4,1.828
2,"T2","1.000000",2,1,1.624,1.376,1.376,0.376,0.624
3,"T1","1.000000",1,3,4,4,1.172,4,3.828
4,"T1","1.000000",2,3,0.828,2.172,1.172,1.172,3.828
5,"T0","0.000000",3,3,1,0,0,0,3
6,"T0","0.000000",1,1,3,0,2,1,3
7,"T2","1.000000",1,2,2.624,4,3.376,2.376,1.624
8,"T1","1.000000",1,3,4,3.172,4,1.172,4
9,"T2","1.000000",2,1,0.624,2.376,3.376,2.376,1.624
10,"T2","1.000000",2,3,0.624,3.376,2.376,1.376,3.624
11,"T0","0.000000",2,3,4,3,4,4,0
12,"T0","0.000000",2,2,2,0,0,1,4
13,"T1","1.000000",1,3,1.828,4,4,3.172,1.828
14,"T1","1.000000",2,3,1.828,3.172,2.172,2.172,0.828
15,"T1","1.000000",1,1,0,1.172,3.172,1.172,4
16,"T0","0.000000",3,3,4,3,0,3,2
17,"T1","1.000000",2,2,3.828,2.172,4,0.172,1.828
18,"T1","1.000000",2,1,1.828,1.172,4,1.172,1.828
19,"T1","1.000000",3,1,0,2.172,2.172,1.172,0
20,"T0","0.000000",1,2,2,2,1,2,4
21,"T2","1.000000",1,2,1.624,3.376,4,1.376,2.624
22,"T2","1.000000",3,3,0,0.376,0,0.376,2.624
23,"T1","1.000000",1,3,4,4,2.172,4,2.828
24,"T1","1.000000",1,1,0.828,3.172,4,4,3.828
25,"T2","1.000000",3,3,0.624,4,1.376,3.376,0
26,"T2","1.000000",3,1,0.624,1.376,0,1.376,0
27,"T1","1.000000",2,3,2.828,1.172,3.172,1.172,0
28,"T0","0.000000",3,2,0,3,0,0,2
29,"T1","1.000000",1,2,3.828,4,4,2.172,3.828
30,"T0","0.000000",3,2,0,2,3,0,0
31,"T1","1.000000",2,3,2.828,4,1.172,3.172,1.828
32,"T1","1.000000",1,1,2.828,2.172,3.172,3.172,0.828
33,"T1","1.000000",1,1,3.828,3.172,2.172,2.172,0.828
34,"T2","1.000000",1,3,2.624,2.376,4,1.376,0.624
35,"T1","1.000000",3,2,0,3.172,2.172,3.172,0
36,"T1","1.000000",2,1,2.828,0.172,1.172,3.172,0
37,"T1","1.000000",2,1,1.828,0,4,2.172,0.828
38,"T1","1.000000",1,1,0,4,2.172,1.172,3.828
39,"T2","1.000000",1,2,0.624,2.376,1.376,3.376,2.624
40,"T1","1.000000",2,2,3.828,4,4,2.172,0.828
41,"T2","1.000000",2,1,0.624,2.376,2.376,1.376,0.624
42,"T1","1.000000",1,2,4,4,1.172,4,0.828
43,"T0","0.000000",1,2,3,1,4,3,4
44,"T1","1.000000",2,3,4,2.172,1.172,2.172,2.828
45,"T2","1.000000",2,2,1.624,2.376,0.376,3.376,2.624
46,"T2","1.000000",2,3,2.624,3.376,0.376,3.376,1.624
47,"T0","0.000000",3,1,0,0,2,0,1
48,"T0","0.000000",3,2,0,0,3,0,3
49,"T1","1.000000",2,3,2.828,1.172,3.172,3.172,1.828
50,"T1","1.000000",3,1,0,0.172,1.172,2.172,0.828
51,"T0","0.000000",1,3,3,4,1,2,4
52,"T2","1.000000",2,3,3.624,1.376,1.376,3.376,1.624
53,"T2","1.000000",2,1,0.624,0,4,0.376,2.624
54,"T0","0.000000",1,2,2,2,3,1,3
55,"T2","1.000000",3,1,0,1.376,1.376,3.376,0
56,"T0","0.000000",3,3,0,0,2,2,2
57,"T2","1.000000",1,1,1.624,3.376,3.376,4,1.624
58,"T2","1.000000",2,1,2.624,1.376,0.376,2.376,2.624
59,"T0","0.000000",2,2,0,4,4,1,0
60,"T2","1.000000",1,1,2.624,4,4,3.376,0.624
61,"T1","1.000000",1,1,0.828,3.172,1.172,1.172,4
62,"T1","1.000000",3,3,1.828,4,0,0,0
63,"T1","1.000000",2,2,0.828,1.172,4,3.172,0.828
64,"T2","1.000000",2,3,4,4,4,0.376,0.624
65,"T1","1.000000",1,1,2.828,3.172,3.172,1.172,3.828
66,"T2","1.000000",3,2,2.624,3.376,0.376,1.376,1.624
67,"T2","1.000000",2,1,2.624,3.376,4,3.376,1.624
68,"T1","1.000000",1,3,1.828,3.172,3.172,4,3.828
69,"T1","1.000000",1,2,0.828,2.172,3.172,4,1.828
70,"T1","1.000000",1,2,1.828,4,4,2.172,3.828
71,"T1","1.000000",3,2,2.828,0,0,0.172,0.828
72,"T1","1.000000",2,3,0.828,4,1.172,3.172,1.828
73,"T0","0.000000",3,3,3,3,0,0,0
74,"T1","1.000000",1,3,4,2.172,2.172,3.172,0.828
75,"T1","1.000000",3,3,2.828,1.172,2.172,0,0.828
76,"T0","0.000000",2,2,3,4,1,2,4
77,"T0","0.000000",2,1,3,1,2,4,1
78,"T0","0.000000",3,3,2,0,0,1,1
79,"T2","1.000000",2,1,0,0.376,3.376,4,3.624
80,"T2","1.000000",3,3,0,0.376,2.376,2.376,1.624
81,"T2","1.000000",3,1,0,2.376,0,1.376,1.624
82,"T1","1.000000",3,2,1.828,2.172,0,0,0
83,"T0","0.000000",2,3,3,3,3,0,2
84,"T2","1.000000",3,2,0,2.376,0.376,0,2.624
85,"T1","1.000000",3,1,0,1.172,2.172,1.172,2.828
86,"T0","0.000000",3,3,0,3,0,0,0
87,"T2","1.000000",3,3,0,4,2.376,2.376,1.624
88,"T1","1.000000",1,2,2.828,1.172,3.172,3.172,1.828
89,"T2","1.000000",2,1,2.624,0,4,1.376,3.624
90,"T1","1.000000",1,3,2.828,4,4,1.172,0.828
91,"T2","1.000000",1,1,2.624,0.376,4,4,1.624
92,"T0","0.000000",1,1,0,2,4,4,2
93,"T1","1.000000",2,3,3.828,3.172,0.172,0.172,3.828
94,"T0","0.000000",3,3,2,1,1,1,2
95,"T1","1.000000",2,3,1.828,1.172,1.172,4,2.828
96,"T2","1.000000",2,2,0.624,2.376,3.376,1.376,1.624
97,"T0","0.000000",1,2,3,4,2,2,4
98,"T2","1.000000",2,2,1.624,3.376,3.376,2.376,3.624
99,"T0","0.000000",3,1,0,2,2,1,0
100,"T1","1.000000",1,2,0.828,3.172,2.172,4,1.828
101,"T0","0.000000",3,3,3,2,2,1,0
102,"T0","0.000000",1,1,4,2,2,2,3
103,"T2","1.000000",3,3,0,2.376,1.376,0,0.624
104,"T1","1.000000",2,1,0,2.172,1.172,3.172,2.828
105,"T0","0.000000",3,2,3,3,0,3,1
106,"T1","1.000000",2,2,1.828,1.172,4,4,3.828
107,"T0","0.000000",2,2,2,2,1,4,2
108,"T0","0.000000",1,3,2,2,3,4,4
109,"T1","1.000000",3,2,0,1.172,0.172,2.172,0
110,"T1","1.000000",1,1,1.828,4,4,4,1.828
111,"T2","1.000000",1,2,3.624,4,4,3.376,1.624
112,"T0","0.000000",1,2,3,4,3,4,4
113,"T0","0.000000",2,1,1,0,4,2,1
114,"T2","1.000000",2,1,1.624,3.376,4,4,3.624
115,"T2","1.000000",1,3,4,4,4,1.376,1.624
116,"T2","1.000000",3,2,1.624,0,2.376,1.376,1.624
117,"T1","1.000000",1,2,3.828,1.172,2.172,1.172,3.828
118,"T2","1.000000",1,1,0.624,4,4,4,3.624
119,"T0","0.000000",2,2,1,1,2,4,3
120,"T1","1.000000",1,2,0.828,4,4,1.172,3.828
121,"T1","1.000000",3,3,0,3.172,2.172,0,0.828
122,"T0","0.000000",1,1,3,3,3,3,2
123,"T0","0.000000",1,2,4,4,3,4,3
124,"T1","1.000000",3,2,1.828,0,2.172,1.172,2.828
125,"T2","1.000000",2,2,1.624,0.376,3.376,3.376,3.624
126,"T1","1.000000",2,1,0,0.172,1.172,0.172,1.828
127,"T0","0.000000",1,2,1,3,1,3,4
128,"T0","0.000000",2,1,0,1,2,4,0
129,"T0","0.000000",2,3,4,1,2,3,3
130,"T2","1.000000",1,1,1.624,1.376,1.376,2.376,4
131,"T0","0.000000",3,3,3,2,0,1,0
132,"T0","0.000000",2,3,4,2,1,2,4
133,"T1","1.000000",1,3,2.828,4,4,3.172,4
134,"T2","1.000000",2,2,0.624,4,1.376,1.376,2.624
135,"T1","1.000000",3,2,0.828,0,2.172,3.172,0
136,"T2","1.000000",3,3,0,3.376,3.376,0.376,0.624
137,"T2","1.000000",3,3,1.624,0.376,2.376,3.376,0
138,"T1","1.000000",1,1,0.828,4,4,1.172,2.828
139,"T1","1.000000",1,1,0,1.172,1.172,1.172,1.828
140,"T1","1.000000",3,2,0,0.172,1.172,2.172,1.828
141,"T2","1.000000",1,2,2.624,2.376,4,4,2.624
142,"T1","1.000000",1,2,3.828,4,2.172,1.172,2.828
143,"T2","1.000000",2,2,2.624,4,1.376,2.376,3.624
144,"T2","1.000000",2,1,2.624,3.376,3.376,3.376,3.624
145,"T2","1.000000",2,3,3.624,1.376,3.376,0.376,1.624
146,"T2","1.000000",3,1,0,1.376,0.376,1.376,0
147,"T0","0.000000",3,3,3,0,2,3,0
148,"T2","1.000000",1,2,2.624,2.376,4,2.376,2.624
149,"T0","0.000000",1,1,0,4,1,4,4
150,"T2","1.000000",2,2,1.624,0.376,1.376,2.376,1.624
151,"T0","0.000000",3,1,1,0,2,0,1
152,"T2","1.000000",3,3,1.624,4,2.376,1.376,0
153,"T2","1.000000",2,3,4,1.376,3.376,2.376,2.624
154,"T2","1.000000",2,2,2.624,0.376,1.376,3.376,0.624
155,"T0","0.000000",3,2,2,0,0,0,2
156,"T1","1.000000",2,1,1.828,0,1.172,0.172,0
157,"T2","1.000000",1,3,3.624,2.376,2.376,4,2.624
158,"T1","1.000000",3,1,0,1.172,1.172,1.172,1.828
159,"T0","0.000000",1,2,2,4,4,4,2
160,"T1","1.000000",2,1,1.828,0.172,1.172,0.172,0
161,"T1","1.000000",3,1,0,1.172,0,0,0
162,"T1","1.000000",1,3,3.828,3.172,2.172,4,4
163,"T0","0.000000",2,3,3,3,1,2,4
164,"T1","1.000000",2,1,2.828,3.172,2.172,3.172,0.828
165,"T2","1.000000",3,2,0,1.376,1.376,1.376,1.624
166,"T2","1.000000",1,3,4,4,4,4,3.624
167,"T1","1.000000",3,2,0.828,3.172,0.172,1.172,0
168,"T2","1.000000",2,3,4,3.376,4,4,0
169,"T0","0.000000",2,2,0,2,0,2,4
170,"T1","1.000000",3,1,0,0,3.172,1.172,2.828
171,"T0","0.000000",3,3,2,3,3,2,0
172,"T2","1.000000",1,1,0.624,2.376,1.376,3.376,0.624
173,"T0","0.000000",3,3,2,3,2,2,1
174,"T2","1.000000",3,2,0,2.376,3.376,2.376,0
175,"T1","1.000000",2,3,1.828,3.172,3.172,4,3.828
176,"T1","1.000000",1,2,0.828,4,3.172,1.172,4
177,"T1","1.000000",2,3,1.828,3.172,3.172,4,2.828
178,"T0","0.000000",2,3,2,3,1,1,2
179,"T2","1.000000",3,3,0.624,4,1.376,3.376,0.624
180,"T0","0.000000",3,1,1,0,3,3,3
181,"T1","1.000000",1,2,4,2.172,4,1.172,4
182,"T1","1.000000",3,3,2.828,4,1.172,3.172,1.828
183,"T1","1.000000",2,2,3.828,0.172,0.172,1.172,0
184,"T0","0.000000",1,1,2,0,3,2,4
185,"T1","1.000000",3,2,1.828,3.172,3.172,1.172,2.828
186,"T1","1.000000",1,3,2.828,3.172,4,2.172,2.828
187,"T1","1.000000",3,1,0,1.172,1.172,0.172,2.828
188,"T0","0.000000",3,3,1,4,0,0,3
189,"T0","0.000000",2,2,2,1,4,3,0
190,"T2","1.000000",2,1,2.624,3.376,3.376,0.376,0.624
191,"T2","1.000000",2,1,2.624,0,0.376,2.376,3.624
192,"T2","1.000000",3,1,0,2.376,0.376,2.376,0
193,"T2","1.000000",2,1,0.624,0.376,1.376,4,2.624
194,"T1","1.000000",3,3,1.828,1.172,3.172,3.172,0
195,"T1","1.000000",2,2,1.828,3.172,2.172,2.172,1.828
196,"T2","1.000000",2,1,0.624,0.376,4,2.376,0.624
197,"T2","1.000000",3,1,0,0.376,0,0,0
198,"T1","1.000000",3,3,0,0.172,2.172,3.172,2.828
199,"T0","0.000000",2,1,2,2,3,4,4
200,"T1","1.000000",1,3,4,3.172,4,4,1.828
201,"T0","0.000000",3,2,2,2,3,0,3
202,"T2","1.000000",2,2,3.624,3.376,0.376,4,2.624
203,"T0","0.000000",1,2,4,4,3,3,3
204,"T1","1.000000",2,2,3.828,3.172,2.172,2.172,1.828
205,"T0","0.000000",2,2,0,2,2,0,0
206,"T1","1.000000",2,3,4,1.172,4,2.172,0.828
207,"T0","0.000000",2,2,3,0,4,1,1
208,"T2","1.000000",3,2,0.624,0,0.376,2.376,0.624
209,"T0","0.000000",3,3,3,0,1,2,0
210,"T0","0.000000",1,2,3,4,4,2,4
211,"T1","1.000000",2,1,2.828,2.172,0.172,1.172,2.828
212,"T0","0.000000",3,3,2,2,0,0,1
213,"T2","1.000000",3,2,2.624,0,0.376,1.376,0
214,"T2","1.000000",1,3,3.624,4,2.376,4,4
215,"T1","1.000000",2,3,4,1.172,4,4,1.828
216,"T0","0.000000",2,1,0,2,0,1,4
217,"T2","1.000000",3,2,2.624,1.376,2.376,3.376,2.624
218,"T0","0.000000",1,3,4,4,2,2,1
219,"T0","0.000000",3,2,1,3,3,0,2
220,"T1","1.000000",2,2,2.828,0.172,0.172,2.172,1.828
221,"T0","0.000000",3,3,1,0,2,0,2
222,"T2","1.000000",2,2,2.624,4,1.376,3.376,0
223,"T1","1.000000",1,1,1.828,1.172,1.172,2.172,4
224,"T1","1.000000",3,3,0,0.172,3.172,0.172,0
225,"T1","1.000000",1,3,4,2.172,1.172,4,2.828
226,"T1","1.000000",2,1,0,3.172,2.172,1.172,0.828
227,"T0","0.000000",3,2,1,0,2,0,3
228,"T1","1.000000",1,3,4,4,4,2.172,2.828
229,"T1","1.000000",2,1,1.828,1.172,1.172,1.172,3.828
230,"T0","0.000000",3,1,1,2,3,0,1
231,"T1","1.000000",3,3,1.828,1.172,1.172,0.172,1.828
232,"T0","0.000000",2,2,4,2,0,1,0
233,"T1","1.000000",2,2,3.828,1.172,3.172,2.172,0
234,"T1","1.000000",3,3,1.828,2.172,3.172,0.172,2.828
235,"T2","1.000000",1,3,2.624,3.376,3.376,4,1.624
236,"T0","0.000000",3,1,1,0,1,1,1
237,"T1","1.000000",2,2,3.828,1.172,0.172,3.172,1.828
238,"T2","1.000000",3,1,0,0.376,2.376,1.376,0.624
239,"T0","0.000000",3,3,4,0,1,0,0
240,"T0","0.000000",2,2,2,3,2,3,3
241,"T1","1.000000",2,1,1.828,2.172,0.172,0.172,0
242,"T2","1.000000",2,2,2.624,4,2.376,3.376,2.624
243,"T0","0.000000",1,3,4,4,3,4,2
244,"T0","0.000000",3,3,2,1,3,0,2
245,"T2","1.000000",3,1,1.624,0,0,3.376,0.624
246,"T1","1.000000",2,1,2.828,0.172,1.172,3.172,3.828
247,"T1","1.000000",1,3,4,4,1.172,4,1.828
248,"T2","1.000000",2,3,1.624,4,0.376,0.376,2.624
249,"T1","1.000000",2,1,2.828,3.172,1.172,4,3.828
250,"T1","1.000000",3,1,0,2.172,2.172,1.172,0
251,"T2","1.000000",3,2,1.624,3.376,1.376,2.376,0
252,"T0","0.000000",2,2,2,2,2,1,1
253,"T1","1.000000",3,2,0,0.172,1.172,1.172,1.828
254,"T1","1.000000",3,3,1.828,1.172,2.172,0.172,1.828
255,"T2","1.000000",1,3,2.624,3.376,4,1.376,3.624
256,"T0","0.000000",2,1,2,0,3,3,2
257,"T0","0.000000",2,3,2,4,2,3,2
258,"T0","0.000000",2,1,1,2,0,0,2
259,"T0","0.000000",3,1,0,0,1,3,1
260,"T2","1.000000",3,2,1.624,0.376,3.376,1.376,0
261,"T2","1.000000",1,1,0,2.376,2.376,4,3.624
262,"T0","0.000000",2,3,1,4,0,2,4
263,"T2","1.000000",2,3,2.624,4,3.376,0.376,0.624
264,"T2","1.000000",3,3,0,1.376,0.376,0,0.624
265,"T1","1.000000",3,1,0,0,2.172,2.172,0
266,"T2","1.000000",3,1,0.624,2.376,2.376,0.376,1.624
267,"T2","1.000000",1,3,4,4,2.376,4,2.624
268,"T1","1.000000",2,2,0,3.172,3.172,3.172,0
269,"T2","1.000000",1,2,2.624,2.376,4,3.376,0.624
270,"T0","0.000000",1,3,4,4,1,3,2
271,"T2","1.000000",1,2,1.624,4,1.376,4,1.624
272,"T1","1.000000",1,3,4,2.172,1.172,3.172,1.828
273,"T0","0.000000",2,2,0,2,3,0,0
274,"T1","1.000000",1,1,0.828,4,4,1.172,2.828
275,"T0","0.000000",3,3,2,2,0,3,2
276,"T1","1.000000",3,2,2.828,0.172,1.172,0,1.828
277,"T1","1.000000",1,2,1.828,1.172,1.172,4,2.828
278,"T2","1.000000",1,2,1.624,4,1.376,4,3.624
279,"T0","0.000000",2,3,4,1,3,4,4
280,"T2","1.000000",2,3,1.624,1.376,1.376,1.376,1.624
281,"T2","1.000000",2,3,2.624,3.376,4,2.376,2.624
282,"T2","1.000000",3,2,0.624,2.376,0,0.376,1.624
283,"T2","1.000000",2,2,3.624,0.376,3.376,0.376,1.624
284,"T2","1.000000",1,3,1.624,4,4,1.376,0.624
285,"T1","1.000000",3,3,3.828,0.172,1.172,0.172,1.828
286,"T0","0.000000",3,3,2,1,0,0,0
287,"T2","1.000000",3,3,0.624,1.376,0.376,0,2.624
288,"T0","0.000000",1,1,3,0,1,3,4
289,"T1","1.000000",3,1,0,0,3.172,0.172,0
290,"T1","1.000000",2,3,4,3.172,0.172,4,0
291,"T0","0.000000",1,2,3,4,1,3,4
292,"T2","1.000000",3,3,0,2.376,2.376,3.376,1.624
293,"T2","1.000000",2,3,2.624,4,4,1.376,0.624
294,"T2","1.000000",1,2,0.624,3.376,1.376,1.376,2.624
295,"T1","1.000000",3,2,0,2.172,1.172,2.172,1.828
296,"T2","1.000000",3,1,0,2.376,3.376,2.376,0.624
297,"T0","0.000000",3,2,2,3,1,0,2
298,"T2","1.000000",1,2,3.624,4,2.376,1.376,0.624
299,"T2","1.000000",2,2,3.624,3.376,1.376,3.376,1.624
300,"T1","1.000000",1,3,3.828,4,1.172,1.172,4
301,"T2","1.000000",3,3,2.624,3.376,3.376,0,2.624
302,"T1","1.000000",3,2,0,3.172,3.172,0,1.828
303,"T2","1.000000",3,2,0,0.376,2.376,1.376,0
304,"T0","0.000000",1,2,1,2,4,4,4
305,"T0","0.000000",3,1,0,0,0,0,0
306,"T1","1.000000",3,3,2.828,1.172,1.172,0,2.828
307,"T0","0.000000",2,2,1,0,1,4,3
308,"T1","1.000000",2,3,0.828,4,2.172,3.172,2.828
309,"T2","1.000000",1,1,2.624,3.376,4,1.376,2.624
310,"T2","1.000000",2,2,3.624,0.376,3.376,1.376,3.624
311,"T1","1.000000",3,3,2.828,2.172,3.172,3.172,2.828
312,"T0","0.000000",2,2,3,3,0,2,1
313,"T2","1.000000",1,1,2.624,3.376,4,3.376,4
314,"T2","1.000000",1,1,0,0.376,4,1.376,0.624
315,"T0","0.000000",2,3,4,1,4,4,4
316,"T1","1.000000",3,1,0.828,2.172,0,3.172,1.828
317,"T0","0.000000",1,2,1,2,3,4,2
318,"T2","1.000000",3,2,2.624,0.376,0,3.376,0
319,"T1","1.000000",1,3,2.828,3.172,1.172,4,1.828
320,"T2","1.000000",3,2,0,0.376,1.376,0,0.624
321,"T1","1.000000",2,1,0,1.172,4,4,3.828
322,"T2","1.000000",2,1,0.624,3.376,4,4,0.624
323,"T1","1.000000",1,1,2.828,4,1.172,1.172,3.828
324,"T2","1.000000",1,3,2.624,2.376,2.376,2.376,2.624
325,"T1","1.000000",2,1,0.828,2.172,2.172,2.172,0.828
326,"T1","1.000000",3,1,1.828,2.172,0,0,1.828
327,"T0","0.000000",3,2,0,2,0,1,0
328,"T0","0.000000",1,2,4,3,3,1,1
329,"T0","0.000000",2,3,3,3,4,1,0
330,"T2","1.000000",3,3,2.624,2.376,1.376,1.376,1.624
331,"T1","1.000000",2,2,2.828,4,4,1.172,0
332,"T1","1.000000",2,1,0.828,3.172,0.172,2.172,3.828
333,"T1","1.000000",1,2,0.828,2.172,4,4,4
334,"T0","0.000000",3,3,1,4,0,1,0
335,"T2","1.000000",3,2,0.624,2.376,1.376,1.376,2.624
336,"T1","1.000000",3,2,0,0.172,1.172,1.172,0
337,"T2","1.000000",1,2,1.624,4,4,1.376,4
338,"T2","1.000000",1,1,0,4,4,2.376,2.624
339,"T1","1.000000",2,3,1.828,3.172,4,1.172,3.828
340,"T2","1.000000",3,1,1.624,2.376,2.376,1.376,0
341,"T2","1.000000",3,1,0,2.376,1.376,1.376,1.624
342,"T1","1.000000",3,2,0,3.172,0,3.172,1.828
343,"T2","1.000000",2,3,2.624,4,2.376,0.376,0.624
344,"T0","0.000000",3,1,1,1,0,2,0
345,"T2","1.000000",3,3,1.624,3.376,2.376,0.376,0.624
346,"T0","0.000000",3,1,0,0,2,0,0
347,"T0","0.000000",1,2,3,4,3,2,1
348,"T1","1.000000",2,3,4,1.172,1.172,4,0.828
349,"T0","0.000000",3,1,0,0,1,0,1
350,"T1","1.000000",3,3,0.828,1.172,0,1.172,1.828
351,"T2","1.000000",2,1,1.624,0.376,2.376,1.376,0
352,"T0","0.000000",3,3,3,3,0,1,3
353,"T1","1.000000",2,3,4,4,3.172,2.172,0.828
354,"T2","1.000000",2,1,0,0,3.376,2.376,1.624
355,"T2","1.000000",3,1,0,0,3.376,0,1.624
356,"T2","1.000000",3,3,1.624,1.376,0.376,3.376,0.624
357,"T0","0.000000",1,3,4,3,3,2,4
358,"T0","0.000000",2,3,3,4,2,3,0
359,"T2","1.000000",3,3,1.624,3.376,3.376,3.376,2.624
360,"T1","1.000000",1,1,0,1.172,1.172,2.172,1.828
361,"T2","1.000000",2,3,2.624,2.376,1.376,4,0.624
362,"T1","1.000000",2,2,3.828,1.172,1.172,4,0.828
363,"T0","0.000000",2,1,0,0,0,4,0
364,"T2","1.000000",1,2,4,4,1.376,3.376,0.624
365,"T2","1.000000",1,1,0.624,4,3.376,4,0.624
366,"T0","0.000000",3,1,0,2,0,1,2
367,"T1","1.000000",1,1,3.828,0.172,1.172,4,0.828
368,"T2","1.000000",2,3,3.624,4,2.376,0.376,0
369,"T1","1.000000",1,3,4,4,1.172,2.172,4
370,"T2","1.000000",1,3,3.624,4,3.376,3.376,2.624
371,"T0","0.000000",1,1,0,4,1,4,4
372,"T0","0.000000",2,1,3,0,2,4,1
373,"T1","1.000000",2,2,0,0.172,0.172,1.172,1.828
374,"T2","1.000000",1,3,3.624,4,1.376,3.376,4
375,"T2","1.000000",2,3,2.624,2.376,3.376,4,0
376,"T1","1.000000",3,1,0.828,0,1.172,3.172,2.828
377,"T1","1.000000",1,1,0.828,4,2.172,2.172,2.828
378,"T2","1.000000",2,3,1.624,2.376,1.376,3.376,1.624
379,"T0","0.000000",2,2,4,4,3,0,4
380,"T1","1.000000",3,2,0.828,0.172,3.172,0.172,1.828
381,"T1","1.000000",2,2,0.828,2.172,2.172,2.172,3.828
382,"T0","0.000000",2,2,3,1,2,3,1
383,"T1","1.000000",1,3,2.828,4,1.172,1.172,1.828
384,"T2","1.000000",3,2,0,0,0.376,1.376,0
385,"T1","1.000000",3,3,3.828,1.172,0.172,0.172,0
386,"T0","0.000000",3,3,3,1,0,1,3
387,"T0","0.000000",3,1,0,0,0,1,2
388,"T1","1.000000",3,3,3.828,4,0.172,0,0.828
389,"T1","1.000000",2,2,0,2.172,1.172,1.172,2.828
390,"T1","1.000000",1,1,3.828,2.172,1.172,3.172,0.828
391,"T1","1.000000",3,2,0,0.172,0,3.172,0.828
392,"T1","1.000000",3,2,0.828,2.172,3.172,0,1.828
393,"T1","1.000000",2,1,2.828,0.172,1.172,3.172,0
394,"T0","0.000000",2,2,3,4,4,0,4
395,"T1","1.000000",2,2,2.828,4,2.172,4,1.828
396,"T2","1.000000",3,1,0,0,2.376,3.376,0
397,"T0","0.000000",1,2,4,1,1,2,1
398,"T1","1.000000",3,3,1.828,2.172,2.172,1.172,1.828
399,"T0","0.000000",3,1,0,0,0,0,0
400,"T2","1.000000",1,2,2.624,4,2.376,3.376,3.624
401,"T1","1.000000",1,3,4,3.172,4,3.172,4
402,"T2","1.000000",1,2,1.624,4,2.376,4,3.624
403,"T2","1.000000",3,3,1.624,3.376,1.376,1.376,0
404,"T1","1.000000",1,2,4,4,4,2.172,1.828
405,"T0","0.000000",3,2,1,3,0,2,1
406,"T1","1.000000",3,1,0,1.172,3.172,1.172,0.828
407,"T0","0.000000",2,3,3,1,3,0,2
408,"T0","0.000000",1,1,3,4,4,4,1
409,"T1","1.000000",1,2,0.828,4,4,4,1.828
410,"T1","1.000000",2,1,1.828,2.172,0.172,4,2.828
411,"T0","0.000000",2,2,4,2,3,0,1
412,"T1","1.000000",2,1,0.828,0.172,2.172,3.172,3.828
413,"T0","0.000000",3,3,3,4,0,1,0
414,"T0","0.000000",3,2,3,0,0,3,2
415,"T1","1.000000",2,3,0.828,3.172,4,1.172,0
416,"T0","0.000000",3,2,2,1,2,0,2
417,"T1","1.000000",2,3,2.828,4,2.172,4,0.828
418,"T2","1.000000",3,1,0,0,0.376,0,2.624
419,"T0","0.000000",3,3,2,3,0,3,0
420,"T0","0.000000",2,1,0,1,4,2,0
421,"T1","1.000000",2,3,4,4,0.172,1.172,1.828
422,"T0","0.000000",3,3,4,0,0,2,0
423,"T1","1.000000",3,2,0,1.172,0,0.172,2.828
424,"T1","1.000000",1,1,0.828,2.172,2.172,4,3.828
425,"T2","1.000000",2,2,2.624,1.376,4,1.376,1.624
426,"T2","1.000000",1,2,3.624,4,2.376,1.376,4
427,"T2","1.000000",1,3,3.624,4,2.376,4,0.624
428,"T2","1.000000",1,3,4,2.376,4,4,2.624
429,"T0","0.000000",3,3,2,0,1,0,0
430,"T0","0.000000",2,3,3,4,0,1,2
431,"T0","0.000000",3,3,3,2,3,0,3
432,"T0","0.000000",1,1,4,3,2,4,4
433,"T1","1.000000",3,1,0.828,2.172,0.172,1.172,1.828
434,"T0","0.000000",3,2,2,3,2,3,3
435,"T0","0.000000",1,3,3,2,1,3,3
436,"T0","0.000000",2,3,3,4,0,4,1
437,"T1","1.000000",3,3,1.828,1.172,3.172,1.172,0
438,"T2","1.000000",1,3,4,4,2.376,1.376,4
439,"T2","1.000000",1,2,0.624,1.376,3.376,3.376,2.624
440,"T0","0.000000",1,1,3,0,2,4,2
441,"T0","0.000000",3,1,1,0,1,1,0
442,"T1","1.000000",1,2,4,4,4,2.172,3.828
443,"T0","0.000000",1,1,3,2,4,2,4
444,"T1","1.000000",3,1,0.828,0.172,3.172,3.172,0
445,"T2","1.000000",3,1,0,0,0.376,2.376,1.624
446,"T1","1.000000",1,3,3.828,4,3.172,4,4
447,"T0","0.000000",1,3,4,2,2,2,2
448,"T0","0.000000",3,1,2,0,0,0,2
449,"T1","1.000000",3,3,0.828,0.172,0.172,0.172,0
450,"T1","1.000000",1,1,0.828,2.172,3.172,3.172,1.828
451,"T2","1.000000",2,1,0,0,3.376,0.376,0.624
452,"T2","1.000000",1,2,2.624,2.376,3.376,4,4
453,"T2","1.000000",2,3,0.624,4,4,3.376,2.624
454,"T0","0.000000",3,3,2,1,0,2,0
455,"T0","0.000000",1,1,0,2,2,1,4
456,"T2","1.000000",2,3,4,4,1.376,4,0.624
457,"T2","1.000000",3,2,0,2.376,0.376,3.376,1.624
458,"T2","1.000000",2,1,1.624,2.376,0.376,4,2.624
459,"T0","0.000000",1,3,2,4,2,3,4
460,"T0","0.000000",1,2,4,3,4,1,3
461,"T1","1.000000",2,2,2.828,1.172,1.172,3.172,1.828
462,"T0","0.000000",2,3,3,1,3,0,0
463,"T0","0.000000",1,3,4,3,4,2,4
464,"T2","1.000000",1,1,2.624,3.376,3.376,3.376,3.624
465,"T0","0.000000",1,3,4,2,4,4,1
466,"T2","1.000000",1,3,1.624,4,3.376,2.376,4
467,"T2","1.000000",3,1,0,0,2.376,0,0.624
468,"T1","1.000000",3,2,2.828,2.172,0,0,1.828
469,"T0","0.000000",2,2,4,4,1,4,4
470,"T1","1.000000",2,3,1.828,4,3.172,0.172,3.828
471,"T2","1.000000",3,2,2.624,0.376,0,3.376,1.624
472,"T1","1.000000",2,2,0,4,0.172,3.172,0
473,"T1","1.000000",2,1,0.828,2.172,3.172,1.172,0
474,"T1","1.000000",1,1,3.828,2.172,4,4,3.828
475,"T2","1.000000",3,3,3.624,0.376,0.376,2.376,0.624
476,"T0","0.000000",3,2,2,0,0,0,0
477,"T0","0.000000",2,2,0,3,3,4,1
478,"T1","1.000000",1,3,4,3.172,2.172,3.172,3.828
479,"T2","1.000000",3,3,3.624,1.376,0,0,0.624
480,"T0","0.000000",2,1,3,0,2,2,2
481,"T0","0.000000",1,3,3,4,2,4,3
482,"T0","0.000000",2,3,1,2,0,1,3
483,"T2","1.000000",1,1,2.624,3.376,1.376,3.376,0.624
484,"T0","0.000000",1,1,4,3,3,1,1
485,"T1","1.000000",1,3,4,3.172,3.172,3.172,4
486,"T2","1.000000",3,3,0.624,1.376,0,3.376,0
487,"T0","0.000000",2,3,4,1,3,2,1
488,"T0","0.000000",1,2,4,1,3,2,1
489,"T0","0.000000",2,1,0,2,4,1,1
490,"T2","1.000000",1,2,4,4,1.376,3.376,3.624
491,"T0","0.000000",2,2,1,2,3,1,1
492,"T0","0.000000",1,2,3,2,2,3,3
493,"T0","0.000000",3,3,4,4,1,0,2
494,"T0","0.000000",3,3,1,0,0,3,1
495,"T2","1.000000",1,3,4,3.376,4,4,1.624
496,"T1","1.000000",1,2,2.828,1.172,1.172,1.172,2.828
497,"T0","0.000000",2,1,2,2,1,3,2
498,"T2","1.000000",3,3,2.624,0.376,2.376,1.376,0
499,"T2","1.000000",2,2,0,1.376,2.376,3.376,1.624
500,"T2","1.000000",2,3,1.624,4,0.376,0.376,2.624
501,"T0","0.000000",3,1,0,0,0,2,3
502,"T2","1.000000",3,3,1.624,3.376,0,1.376,0.624
503,"T1","1.000000",1,2,4,4,1.172,4,2.828
504,"T0","0.000000",3,1,1,0,1,1,3
505,"T2","1.000000",2,2,3.624,4,0.376,0.376,0
506,"T2","1.000000",2,3,1.624,1.376,0.376,3.376,0.624
507,"T1","1.000000",2,3,3.828,1.172,3.172,2.172,1.828
508,"T2","1.000000",2,1,0,2.376,1.376,2.376,3.624
509,"T2","1.000000",2,2,3.624,4,0.376,1.376,0.624
510,"T2","1.000000",1,1,2.624,0.376,1.376,1.376,0.624
511,"T0","0.000000",2,2,2,4,1,4,4
512,"T0","0.000000",3,3,3,1,2,1,3
513,"T1","1.000000",2,3,1.828,2.172,4,0.172,1.828
514,"T0","0.000000",2,3,4,1,2,2,3
515,"T1","1.000000",3,3,0.828,0.172,3.172,1.172,1.828
516,"T1","1.000000",3,3,1.828,2.172,2.172,0,1.828
517,"T2","1.000000",2,3,0.624,2.376,2.376,3.376,0.624
518,"T2","1.000000",1,2,1.624,4,2.376,4,0.624
519,"T0","0.000000",3,3,2,4,3,0,3
520,"T2","1.000000",2,2,1.624,1.376,4,0.376,1.624
521,"T2","1.000000",3,3,0.624,1.376,1.376,0,0.624
522,"T1","1.000000",2,1,2.828,0,1.172,1.172,2.828
523,"T2","1.000000",2,2,1.624,0.376,1.376,0.376,0.624
524,"T2","1.000000",3,1,0.624,1.376,0,3.376,1.624
525,"T0","0.000000",1,1,1,2,4,4,2
526,"T2","1.000000",1,1,2.624,2.376,4,1.376,0.624
527,"T2","1.000000",1,2,0.624,1.376,4,2.376,3.624
528,"T0","0.000000",2,2,4,4,0,0,3
529,"T1","1.000000",2,2,3.828,3.172,3.172,3.172,0
530,"T0","0.000000",2,2,1,3,4,4,2
531,"T0","0.000000",3,2,0,3,2,3,0
532,"T2","1.000000",2,3,3.624,1.376,4,3.376,2.624
533,"T0","0.000000",3,2,0,3,0,0,2
534,"T1","1.000000",2,2,2.828,4,3.172,3.172,2.828
535,"T0","0.000000",2,2,4,1,3,0,4
536,"T1","1.000000",2,3,2.828,4,0.172,2.172,2.828
537,"T0","0.000000",1,1,4,2,1,4,1
538,"T1","1.000000",3,2,2.828,2.172,3.172,1.172,0
539,"T2","1.000000",1,2,3.624,1.376,4,2.376,4
540,"T1","1.000000",2,2,3.828,2.172,1.172,0.172,2.828
541,"T2","1.000000",1,1,1.624,2.376,4,2.376,1.624
542,"T2","1.000000",1,1,2.624,4,4,2.376,4
543,"T0","0.000000",2,2,2,2,0,4,2
544,"T1","1.000000",3,2,2.828,2.172,1.172,2.172,0
545,"T2","1.000000",1,1,2.624,4,4,4,1.624
546,"T0","0.000000",1,2,3,4,2,3,1
547,"T2","1.000000",2,3,3.624,3.376,4,0.376,1.624
548,"T1","1.000000",3,3,1.828,0.172,0,1.172,0
549,"T1","1.000000",1,3,2.828,3.172,2.172,4,2.828
550,"T1","1.000000",2,2,1.828,0.172,2.172,0.172,3.828
551,"T1","1.000000",1,1,3.828,3.172,3.172,4,0.828
552,"T1","1.000000",1,3,1.828,4,1.172,3.172,3.828
553,"T0","0.000000",2,2,3,4,4,1,2
554,"T2","1.000000",1,1,1.624,2.376,2.376,4,1.624
555,"T2","1.000000",3,2,0.624,0,2.376,1.376,0
556,"T2","1.000000",3,2,0,1.376,0,2.376,0
557,"T1","1.000000",2,3,3.828,1.172,4,3.172,2.828
558,"T1","1.000000",2,2,3.828,0.172,0.172,0.172,1.828
559,"T0","0.000000",2,2,3,4,2,3,4
560,"T2","1.000000",2,3,4,4,3.376,0.376,0
561,"T0","0.000000",2,3,2,4,2,2,0
562,"T0","0.000000",1,1,3,1,3,1,4
563,"T2","1.000000",1,2,2.624,4,1.376,4,2.624
564,"T0","0.000000",3,3,4,4,0,0,0
565,"T2","1.000000",1,2,1.624,4,1.376,4,4
566,"T1","1.000000",1,3,4,2.172,1.172,3.172,1.828
567,"T1","1.000000",2,3,1.828,4,2.172,3.172,0.828
568,"T2","1.000000",1,3,2.624,4,3.376,4,1.624
569,"T2","1.000000",1,3,3.624,4,4,1.376,2.624
570,"T2","1.000000",2,1,0.624,1.376,0.376,3.376,2.624
571,"T1","1.000000",2,3,1.828,1.172,4,4,0.828
572,"T0","0.000000",1,1,0,1,2,1,4
573,"T1","1.000000",3,3,1.828,2.172,0.172,3.172,0
574,"T1","1.000000",2,1,0,0,2.172,2.172,2.828
575,"T0","0.000000",2,3,4,1,0,3,3
576,"T2","1.000000",2,1,0.624,0.376,4,1.376,3.624
577,"T2","1.000000",1,2,0.624,4,4,3.376,0.624
578,"T0","0.000000",3,2,0,0,0,2,0
579,"T0","0.000000",3,2,0,0,1,1,3
580,"T1","1.000000",3,2,0,0,2.172,3.172,1.828
581,"T2","1.000000",1,2,4,4,4,2.376,2.624
582,"T2","1.000000",3,2,2.624,2.376,3.376,3.376,0
583,"T2","1.000000",2,2,0,1.376,3.376,1.376,0
584,"T2","1.000000",3,3,1.624,3.376,3.376,0,1.624
585,"T1","1.000000",1,3,4,4,1.172,4,3.828
586,"T1","1.000000",3,1,0,0,0.172,3.172,2.828
587,"T1","1.000000",1,2,1.828,4,4,4,2.828
588,"T2","1.000000",2,1,0,1.376,4,1.376,1.624
589,"T0","0.000000",2,2,0,0,4,2,0
590,"T2","1.000000",2,1,1.624,1.376,1.376,2.376,2.624
591,"T2","1.000000",3,3,0.624,2.376,0.376,0,1.624
592,"T0","0.000000",3,1,0,0,1,2,0
593,"T0","0.000000",1,1,3,0,4,2,2
594,"T1","1.000000",2,2,1.828,4,4,3.172,2.828
595,"T2","1.000000",1,2,1.624,3.376,4,3.376,4
596,"T1","1.000000",2,1,0,3.172,0.172,4,0
597,"T1","1.000000",3,3,0,4,3.172,2.172,0
598,"T0","0.000000",3,3,3,1,1,3,0
599,"T0","0.000000",2,1,0,0,0,0,1
600,"T2","1.000000",2,2,1.624,4,3.376,3.376,3.624
601,"T1","1.000000",3,2,2.828,0,0.172,2.172,1.828
602,"T1","1.000000",1,3,4,2.172,3.172,4,4
603,"T1","1.000000",2,2,3.828,1.172,4,1.172,0
604,"T1","1.000000",2,1,0,0.172,0.172,1.172,1.828
605,"T1","1.000000",2,3,0.828,4,3.172,2.172,3.828
606,"T2","1.000000",3,1,1.624,2.376,0,0,2.624
607,"T2","1.000000",2,3,2.624,4,4,0.376,1.624
608,"T0","0.000000",1,1,4,2,4,4,2
609,"T0","0.000000",3,2,0,3,0,1,0
610,"T1","1.000000",3,2,1.828,1.172,1.172,2.172,0.828
611,"T0","0.000000",2,3,2,3,2,4,3
612,"T0","0.000000",1,3,4,4,4,2,4
613,"T2","1.000000",3,3,0,1.376,0.376,2.376,0
614,"T0","0.000000",1,1,4,4,2,2,1
615,"T1","1.000000",2,2,1.828,3.172,1.172,3.172,1.828
616,"T2","1.000000",3,3,1.624,0.376,0,2.376,1.624
617,"T0","0.000000",3,1,1,1,1,0,3
618,"T0","0.000000",1,3,3,3,2,4,4
619,"T0","0.000000",1,3,4,3,2,1,4
620,"T1","1.000000",1,1,0.828,3.172,4,4,3.828
621,"T2","1.000000",3,3,1.624,3.376,0.376,2.376,1.624
622,"T2","1.000000",1,3,4,4,1.376,4,4
623,"T0","0.000000",3,3,3,2,0,1,0
624,"T0","0.000000",1,3,4,4,2,3,1
625,"T0","0.000000",1,2,3,4,4,4,2
626,"T2","1.000000",1,2,4,4,1.376,3.376,0.624
627,"T2","1.000000",2,2,1.624,3.376,1.376,3.376,1.624
628,"T1","1.000000",3,1,0,1.172,0,3.172,2.828
629,"T0","0.000000",2,1,2,3,3,2,4
630,"T2","1.000000",1,2,1.624,1.376,4,4,0.624
631,"T1","1.000000",1,1,0.828,3.172,1.172,2.172,0.828
632,"T1","1.000000",3,3,2.828,4,3.172,0,1.828
633,"T2","1.000000",3,2,0,0.376,2.376,0.376,0
634,"T0","0.000000",1,1,0,2,1,2,4
635,"T2","1.000000",2,2,3.624,2.376,1.376,2.376,3.624
636,"T0","0.000000",3,2,0,2,3,1,0
637,"T2","1.000000",3,3,2.624,0.376,0,3.376,1.624
638,"T0","0.000000",3,3,1,2,1,3,0
639,"T0","0.000000",1,3,4,4,2,2,3
640,"T2","1.000000",2,1,2.624,0,2.376,4,0
641,"T1","1.000000",1,2,2.828,2.172,4,4,0.828
642,"T2","1.000000",1,1,2.624,4,1.376,3.376,1.624
643,"T2","1.000000",1,1,0,4,1.376,1.376,1.624
644,"T1","1.000000",1,1,0,3.172,4,4,1.828
645,"T2","1.000000",2,2,0.624,3.376,4,2.376,1.624
646,"T0","0.000000",1,1,4,4,4,1,4
647,"T0","0.000000",2,2,1,1,1,3,3
648,"T1","1.000000",2,3,4,3.172,4,1.172,0.828
649,"T1","1.000000",2,2,0,1.172,4,4,1.828
650,"T2","1.000000",3,3,1.624,4,0.376,2.376,1.624
651,"T2","1.000000",2,1,2.624,1.376,3.376,2.376,1.624
652,"T2","1.000000",3,3,1.624,0.376,3.376,3.376,2.624
653,"T0","0.000000",2,2,1,0,1,4,0
654,"T2","1.000000",2,3,4,4,3.376,1.376,0
655,"T2","1.000000",2,2,0.624,3.376,3.376,3.376,0
656,"T1","1.000000",2,3,0.828,4,2.172,2.172,0.828
657,"T2","1.000000",1,3,4,3.376,4,3.376,1.624
658,"T0","0.000000",1,2,3,1,3,1,3
659,"T1","1.000000",1,2,0.828,4,4,3.172,2.828
660,"T0","0.000000",1,2,4,3,3,2,4
661,"T2","1.000000",2,2,0,2.376,2.376,0.376,3.624
662,"T1","1.000000",3,3,0.828,2.172,2.172,1.172,0
663,"T2","1.000000",2,3,3.624,4,1.376,1.376,3.624
664,"T2","1.000000",1,1,0,3.376,2.376,4,0.624
665,"T1","1.000000",2,1,0,2.172,4,3.172,0
666,"T2","1.000000",3,3,3.624,2.376,0,0.376,0
667,"T0","0.000000",1,2,2,4,4,2,4
668,"T1","1.000000",3,2,0,1.172,2.172,0,1.828
669,"T0","0.000000",2,2,4,4,2,4,1
670,"T0","0.000000",1,3,4,4,1,1,4
671,"T1","1.000000",1,2,0.828,3.172,1.172,3.172,1.828
672,"T0","0.000000",3,2,0,3,3,0,0
673,"T0","0.000000",3,2,0,0,0,1,2
674,"T0","0.000000",2,1,3,3,2,4,0
675,"T1","1.000000",1,3,2.828,3.172,2.172,4,2.828
676,"T0","0.000000",3,2,1,0,3,0,0
677,"T0","0.000000",1,1,0,4,4,4,4
678,"T0","0.000000",2,1,2,0,1,2,2
679,"T1","1.000000",3,2,0,3.172,3.172,2.172,2.828
680,"T2","1.000000",2,3,2.624,1.376,2.376,0.376,0.624
681,"T0","0.000000",2,1,0,0,4,0,0
682,"T2","1.000000",2,3,3.624,3.376,3.376,0.376,1.624
683,"T0","0.000000",3,1,0,1,0,3,1
684,"T1","1.000000",1,1,2.828,1.172,2.172,3.172,4
685,"T0","0.000000",3,2,2,2,3,3,2
686,"T1","1.000000",1,3,3.828,4,4,2.172,4
687,"T1","1.000000",1,1,1.828,0.172,3.172,4,2.828
688,"T1","1.000000",1,2,1.828,4,2.172,2.172,1.828
689,"T2","1.000000",1,3,3.624,2.376,1.376,3.376,0.624
690,"T1","1.000000",3,2,1.828,1.172,0,2.172,0
691,"T2","1.000000",1,2,3.624,2.376,2.376,2.376,3.624
692,"T1","1.000000",3,3,0.828,2.172,0.172,1.172,0
693,"T1","1.000000",2,1,2.828,0.172,4,3.172,2.828
694,"T0","0.000000",2,2,0,1,3,0,1
695,"T0","0.000000",1,1,3,4,2,4,4
696,"T0","0.000000",1,3,4,4,2,3,4
697,"T0","0.000000",1,2,1,3,4,4,1
698,"T0","0.000000",3,1,0,0,1,2,0
699,"T0","0.000000",1,2,4,4,1,3,3
700,"T1","1.000000",2,1,0.828,1.172,2.172,3.172,3.828
701,"T0","0.000000",1,1,0,1,4,4,2
702,"T2","1.000000",1,1,2.624,2.376,3.376,1.376,2.624
703,"T2","1.000000",3,2,2.624,2.376,1.376,0,0
704,"T2","1.000000",3,3,0,1.376,0,3.376,0.624
705,"T2","1.000000",2,3,0.624,4,3.376,1.376,2.624
706,"T2","1.000000",1,1,2.624,4,3.376,4,2.624
707,"T2","1.000000",1,2,3.624,3.376,4,4,2.624
708,"T0","0.000000",1,1,4,1,4,3,4
709,"T2","1.000000",1,2,0.624,1.376,3.376,2.376,1.624
710,"T0","0.000000",2,1,1,2,3,1,0
711,"T2","1.000000",2,1,0,1.376,4,0.376,3.624
712,"T2","1.000000",1,1,1.624,2.376,4,3.376,1.624
713,"T1","1.000000",1,2,2.828,4,4,2.172,3.828
714,"T0","0.000000",3,2,0,0,3,2,1
715,"T0","0.000000",1,3,2,2,4,1,3
716,"T0","0.000000",1,2,4,4,3,4,4
717,"T1","1.000000",3,1,0,1.172,0.172,2.172,0.828
718,"T0","0.000000",3,3,4,3,2,0,2
719,"T0","0.000000",2,1,3,0,3,3,2
720,"T1","1.000000",2,3,0.828,4,1.172,0.172,3.828
721,"T0","0.000000",2,2,2,1,2,1,3
722,"T2","1.000000",1,3,1.624,2.376,4,4,3.624
723,"T1","1.000000",1,3,4,4,3.172,3.172,1.828
724,"T1","1.000000",1,2,2.828,3.172,4,2.172,4
725,"T0","0.000000",2,3,4,4,0,4,4
726,"T1","1.000000",3,3,0,1.172,0,0,0
727,"T0","0.000000",3,2,0,3,0,0,0
728,"T2","1.000000",3,3,0.624,2.376,2.376,3.376,0.624
729,"T1","1.000000",2,2,0.828,4,0.172,3.172,1.828
730,"T0","0.000000",1,1,0,1,4,4,2
731,"T1","1.000000",2,1,0.828,0.172,0.172,2.172,0
732,"T1","1.000000",2,1,0,1.172,0.172,4,2.828
733,"T1","1.000000",2,1,2.828,2.172,4,0.172,2.828
734,"T2","1.000000",3,3,0.624,2.376,1.376,0,0.624
735,"T1","1.000000",1,3,3.828,4,4,2.172,4
736,"T2","1.000000",2,2,0.624,0.376,3.376,0.376,1.624
737,"T0","0.000000",2,1,0,1,1,1,2
738,"T2","1.000000",2,2,2.624,4,2.376,2.376,0
739,"T1","1.000000",3,2,2.828,1.172,1.172,0.172,0.828
740,"T2","1.000000",1,3,2.624,4,2.376,2.376,0.624
741,"T2","1.000000",2,1,2.624,0,1.376,2.376,0.624
742,"T2","1.000000",3,1,0.624,0.376,0,0.376,2.624
743,"T1","1.000000",3,3,0,4,1.172,0,0
744,"T1","1.000000",2,1,0,2.172,4,1.172,0
745,"T1","1.000000",3,3,2.828,0.172,2.172,0,2.828
746,"T0","0.000000",1,3,4,4,3,4,1
747,"T0","0.000000",1,1,2,2,3,4,3
748,"T2","1.000000",3,2,1.624,1.376,1.376,0.376,1.624
749,"T0","0.000000",3,2,1,2,2,0,2
750,"T1","1.000000",1,1,1.828,2.172,4,1.172,0.828
751,"T0","0.000000",1,1,1,4,3,1,1
752,"T2","1.000000",1,1,2.624,2.376,2.376,4,3.624
753,"T0","0.000000",2,3,3,4,1,2,1
754,"T2","1.000000",3,3,1.624,3.376,2.376,3.376,0.624
755,"T2","1.000000",1,2,2.624,2.376,3.376,1.376,2.624
756,"T2","1.000000",3,1,0,2.376,1.376,2.376,0
757,"T2","1.000000",1,3,4,4,3.376,2.376,2.624
758,"T2","1.000000",2,3,3.624,4,2.376,2.376,3.624
759,"T1","1.000000",1,2,3.828,4,1.172,4,2.828
760,"T1","1.000000",3,3,0,0.172,0,0,0.828
761,"T2","1.000000",2,3,4,4,4,3.376,0.624
762,"T2","1.000000",1,1,3.624,3.376,4,1.376,3.624
763,"T1","1.000000",3,2,1.828,0,2.172,0.172,0
764,"T2","1.000000",1,1,3.624,2.376,1.376,4,1.624
765,"T1","1.000000",2,2,0,1.172,0.172,2.172,0
766,"T2","1.000000",1,1,0,2.376,3.376,3.376,3.624
767,"T0","0.000000",3,3,4,3,0,0,3
768,"T2","1.000000",3,1,0,0,0.376,1.376,2.624
769,"T1","1.000000",1,1,3.828,2.172,3.172,4,3.828
770,"T0","0.000000",1,1,1,1,3,1,2
771,"T0","0.000000",2,3,3,1,2,1,4
772,"T0","0.000000",3,3,2,0,0,0,3
773,"T2","1.000000",3,1,0.624,0,0,1.376,1.624
774,"T2","1.000000",1,2,1.624,1.376,3.376,1.376,4
775,"T0","0.000000",3,2,0,3,1,0,2
776,"T1","1.000000",1,1,3.828,3.172,4,3.172,1.828
777,"T2","1.000000",3,2,2.624,2.376,1.376,0,0.624
778,"T1","1.000000",1,2,2.828,4,3.172,3.172,3.828
779,"T1","1.000000",2,3,0.828,4,4,3.172,0
780,"T0","0.000000",2,3,1,2,1,3,0
781,"T1","1.000000",2,3,0.828,3.172,4,1.172,0
782,"T2","1.000000",3,2,2.624,0.376,2.376,0.376,0.624
783,"T1","1.000000",1,2,1.828,3.172,4,1.172,2.828
784,"T1","1.000000",3,2,0,2.172,0,0.172,0
785,"T2","1.000000",1,1,2.624,2.376,3.376,4,0.624
786,"T2","1.000000",1,3,3.624,3.376,1.376,4,3.624
787,"T0","0.000000",1,1,3,2,4,2,3
788,"T2","1.000000",1,2,3.624,4,3.376,2.376,2.624
789,"T2","1.000000",3,1,0.624,2.376,2.376,1.376,0
790,"T0","0.000000",2,3,3,3,2,2,4
791,"T1","1.000000",1,2,4,4,2.172,2.172,3.828
792,"T0","0.000000",2,3,1,1,1,1,3
793,"T0","0.000000",2,3,1,3,0,0,2
794,"T2","1.000000",1,1,3.624,2.376,4,4,1.624
795,"T2","1.000000",1,3,3.624,3.376,1.376,3.376,3.624
796,"T0","0.000000",2,2,0,4,2,0,4
797,"T1","1.000000",2,3,0.828,2.172,0.172,1.172,0
798,"T0","0.000000",2,1,3,0,3,2,2
799,"T1","1.000000",2,2,0,4,0.172,0.172,0.828
800,"T2","1.000000",3,3,0.624,2.376,1.376,3.376,0
801,"T1","1.000000",2,1,0,0.172,0.172,2.172,2.828
802,"T2","1.000000",2,3,3.624,4,1.376,3.376,2.624
803,"T2","1.000000",1,3,3.624,4,3.376,4,4
804,"T2","1.000000",1,3,3.624,4,1.376,2.376,0.624
805,"T1","1.000000",3,1,0,1.172,0,3.172,0
806,"T2","1.000000",3,1,1.624,1.376,2.376,2.376,2.624
807,"T0","0.000000",3,1,0,0,1,2,0
808,"T2","1.000000",1,2,2.624,4,4,4,3.624
809,"T2","1.000000",3,3,1.624,2.376,2.376,3.376,0
810,"T1","1.000000",3,3,1.828,2.172,2.172,1.172,0
811,"T2","1.000000",2,1,1.624,0,3.376,2.376,2.624
812,"T1","1.000000",3,3,0,4,0,3.172,0
813,"T0","0.000000",2,3,2,4,3,1,2
814,"T2","1.000000",2,1,2.624,1.376,2.376,3.376,0.624
815,"T0","0.000000",2,3,1,1,0,1,1
816,"T1","1.000000",3,3,3.828,1.172,0,3.172,0
817,"T0","0.000000",2,3,4,3,3,3,2
818,"T0","0.000000",3,1,2,0,1,1,1
819,"T1","1.000000",1,2,2.828,4,2.172,1.172,2.828
820,"T0","0.000000",2,3,3,1,2,4,3
821,"T1","1.000000",2,1,1.828,0.172,0.172,3.172,0.828
822,"T1","1.000000",2,1,0,2.172,1.172,0.172,1.828
823,"T0","0.000000",1,2,2,1,3,1,4
824,"T1","1.000000",3,2,0,2.172,0,0.172,0
825,"T0","0.000000",3,1,2,1,1,0,0
826,"T1","1.000000",3,3,3.828,2.172,0.172,0,2.828
827,"T1","1.000000",1,3,3.828,2.172,4,2.172,3.828
828,"T1","1.000000",2,2,3.828,2.172,1.172,2.172,0.828
829,"T2","1.000000",2,2,0,3.376,1.376,0.376,2.624
830,"T0","0.000000",2,3,4,2,1,4,0
831,"T0","0.000000",2,2,3,4,4,2,3
832,"T1","1.000000",3,2,0,0,0.172,2.172,0
833,"T2","1.000000",3,3,2.624,2.376,2.376,0,0
834,"T1","1.000000",3,3,1.828,4,2.172,0,2.828
835,"T0","0.000000",2,1,3,0,4,0,4
836,"T2","1.000000",2,2,0,3.376,4,4,3.624
837,"T2","1.000000",2,1,2.624,0,0.376,2.376,0.624
838,"T2","1.000000",1,2,4,4,4,1.376,4
839,"T1","1.000000",2,2,2.828,4,2.172,1.172,0
840,"T2","1.000000",3,2,1.624,0.376,3.376,3.376,0.624
841,"T1","1.000000",2,3,0.828,4,1.172,2.172,1.828
842,"T1","1.000000",3,3,2.828,2.172,0.172,0.172,1.828
843,"T1","1.000000",2,2,2.828,2.172,1.172,2.172,3.828
844,"T2","1.000000",2,3,1.624,3.376,0.376,2.376,1.624
845,"T0","0.000000",3,2,2,2,1,1,0
846,"T1","1.000000",3,2,0.828,3.172,2.172,0.172,1.828
847,"T1","1.000000",3,1,0,2.172,0,3.172,1.828
848,"T1","1.000000",3,1,0.828,1.172,0,2.172,0
849,"T1","1.000000",1,1,0,4,2.172,2.172,3.828
850,"T0","0.000000",2,1,0,2,4,1,4
851,"T1","1.000000",1,2,3.828,2.172,4,1.172,0.828
852,"T2","1.000000",2,2,1.624,0.376,1.376,1.376,1.624
853,"T0","0.000000",1,1,0,4,1,4,3
854,"T1","1.000000",1,1,3.828,0.172,1.172,2.172,2.828
855,"T1","1.000000",2,3,2.828,2.172,2.172,0.172,3.828
856,"T0","0.000000",1,1,1,4,2,1,4
857,"T1","1.000000",1,3,1.828,3.172,4,2.172,2.828
858,"T0","0.000000",3,1,0,0,1,3,1
859,"T2","1.000000",1,2,3.624,4,4,4,2.624
860,"T1","1.000000",3,2,0,2.172,3.172,0,2.828
861,"T2","1.000000",1,1,0.624,0.376,1.376,2.376,3.624
862,"T1","1.000000",2,3,2.828,1.172,0.172,3.172,0
863,"T2","1.000000",2,1,0,3.376,0.376,1.376,3.624
864,"T1","1.000000",3,1,0,0.172,2.172,0,0
865,"T2","1.000000",3,1,0,0,2.376,1.376,2.624
866,"T2","1.000000",2,1,0,2.376,4,4,0.624
867,"T2","1.000000",2,2,0.624,3.376,0.376,2.376,3.624
868,"T1","1.000000",2,1,2.828,0.172,3.172,0.172,3.828
869,"T0","0.000000",2,1,0,0,0,3,0
870,"T1","1.000000",2,1,0,0.172,3.172,4,0
871,"T1","1.000000",3,3,3.828,4,0,0,0.828
872,"T0","0.000000",2,3,3,4,0,0,1
873,"T1","1.000000",1,3,1.828,3.172,4,3.172,3.828
874,"T2","1.000000",1,3,2.624,2.376,1.376,1.376,2.624
875,"T0","0.000000",2,2,0,0,4,4,0
876,"T1","1.000000",3,3,1.828,0.172,0,1.172,0.828
877,"T2","1.000000",3,1,0.624,0,3.376,3.376,1.624
878,"T2","1.000000",1,1,3.624,2.376,1.376,3.376,2.624
879,"T0","0.000000",2,3,4,4,0,1,4
880,"T2","1.000000",2,3,0.624,2.376,1.376,0.376,0.624
881,"T2","1.000000",3,1,0,1.376,1.376,0,0
882,"T2","1.000000",3,3,0,4,3.376,2.376,1.624
883,"T0","0.000000",2,3,3,1,4,0,4
884,"T1","1.000000",3,2,2.828,1.172,1.172,1.172,0
885,"T1","1.000000",2,2,0.828,2.172,4,1.172,0.828
886,"T0","0.000000",1,3,2,3,3,2,1
887,"T1","1.000000",2,2,2.828,3.172,3.172,3.172,2.828
888,"T1","1.000000",2,1,0.828,0,1.172,0.172,3.828
889,"T2","1.000000",3,2,2.624,2.376,1.376,3.376,0.624
890,"T0","0.000000",2,3,1,2,2,2,1
891,"T0","0.000000",2,2,2,1,3,1,3
892,"T1","1.000000",1,3,4,2.172,1.172,3.172,0.828
893,"T0","0.000000",2,3,1,1,2,4,3
894,"T0","0.000000",3,3,0,2,0,0,0
895,"T0","0.000000",1,1,0,1,1,4,2
896,"T1","1.000000",3,3,0,3.172,0,2.172,1.828
897,"T1","1.000000",2,2,3.828,2.172,3.172,1.172,0.828
898,"T0","0.000000",1,2,3,4,4,4,4
899,"T1","1.000000",1,2,0.828,2.172,2.172,4,0.828
900,"T0","0.000000",2,2,3,4,1,1,4
901,"T1","1.000000",2,1,0,0.172,3.172,4,2.828
902,"T1","1.000000",3,2,0.828,3.172,2.172,0,0.828
903,"T2","1.000000",3,3,0,3.376,0.376,0,0
904,"T2","1.000000",1,3,4,3.376,4,4,4
905,"T2","1.000000",2,3,3.624,3.376,2.376,4,2.624
906,"T1","1.000000",1,3,3.828,4,4,4,2.828
907,"T0","0.000000",3,3,1,1,0,2,1
908,"T1","1.000000",2,1,1.828,1.172,4,3.172,1.828
909,"T0","0.000000",3,1,2,2,1,2,3
910,"T1","1.000000",1,2,0.828,3.172,4,4,2.828
911,"T2","1.000000",2,1,0,0,3.376,0.376,1.624
912,"T0","0.000000",1,2,4,2,3,1,4
913,"T2","1.000000",3,3,3.624,2.376,1.376,1.376,0
914,"T1","1.000000",2,3,0.828,2.172,4,0.172,0.828
915,"T2","1.000000",1,1,1.624,2.376,4,3.376,3.624
916,"T2","1.000000",1,3,3.624,4,4,4,0.624
917,"T2","1.000000",2,3,4,1.376,1.376,3.376,1.624
918,"T1","1.000000",2,1,0,0.172,3.172,3.172,3.828
919,"T0","0.000000",1,2,3,4,4,4,3
920,"T1","1.000000",3,3,0,0.172,1.172,2.172,0.828
921,"T2","1.000000",3,3,1.624,3.376,2.376,3.376,1.624
922,"T2","1.000000",3,3,3.624,4,0.376,2.376,0
923,"T1","1.000000",3,3,0.828,1.172,2.172,0.172,1.828
924,"T1","1.000000",1,2,3.828,3.172,3.172,2.172,3.828
925,"T0","0.000000",1,3,4,2,1,1,4
926,"T0","0.000000",2,1,3,2,0,0,4
927,"T0","0.000000",3,1,1,1,2,2,0
928,"T0","0.000000",2,1,0,3,2,0,2
929,"T0","0.000000",3,1,1,1,0,1,2
930,"T2","1.000000",2,3,3.624,4,2.376,4,0.624
931,"T1","1.000000",3,3,3.828,3.172,2.172,3.172,0.828
932,"T1","1.000000",1,2,4,4,1.172,1.172,0.828
933,"T0","0.000000",1,1,1,0,1,4,2
934,"T2","1.000000",1,1,0.624,3.376,2.376,3.376,2.624
935,"T2","1.000000",2,2,2.624,4,0.376,2.376,2.624
936,"T0","0.000000",1,3,2,4,4,3,1
937,"T0","0.000000",1,2,3,1,2,3,4
938,"T2","1.000000",2,3,2.624,4,1.376,0.376,0.624
939,"T0","0.000000",2,1,2,0,0,1,1
940,"T1","1.000000",3,1,0.828,0,2.172,0,0
941,"T1","1.000000",2,2,1.828,1.172,4,0.172,0.828
942,"T1","1.000000",1,2,0.828,2.172,2.172,1.172,1.828
943,"T0","0.000000",1,1,1,3,3,1,1
944,"T2","1.000000",1,3,2.624,4,2.376,3.376,4
945,"T0","0.000000",2,2,1,1,4,3,1
946,"T0","0.000000",3,3,2,1,0,0,0
947,"T0","0.000000",3,3,3,0,0,2,3
948,"T0","0.000000",3,2,0,2,2,2,0
949,"T2","1.000000",3,1,0,0.376,0,0.376,0.624
950,"T0","0.000000",2,2,1,4,2,3,2
951,"T1","1.000000",2,2,1.828,0.172,2.172,3.172,0
952,"T0","0.000000",1,1,0,0,1,2,2
953,"T0","0.000000",2,2,3,2,3,1,2
954,"T1","1.000000",1,2,4,4,1.172,2.172,1.828
955,"T1","1.000000",3,3,0,4,1.172,2.172,0
956,"T2","1.000000",1,2,3.624,3.376,3.376,3.376,2.624
957,"T2","1.000000",3,1,0.624,0,3.376,0,0.624
958,"T0","0.000000",1,3,4,2,1,2,4
959,"T2","1.000000",2,3,0.624,4,1.376,0.376,1.624
960,"T0","0.000000",1,3,3,3,3,2,1
961,"T1","1.000000",3,2,2.828,3.172,0,1.172,2.828
962,"T1","1.000000",1,3,3.828,4,2.172,4,1.828
963,"T2","1.000000",3,3,3.624,4,1.376,0.376,1.624
964,"T2","1.000000",3,2,2.624,1.376,0,0.376,0
965,"T0","0.000000",3,2,1,0,0,0,0
966,"T2","1.000000",3,3,0,4,0,3.376,0
967,"T1","1.000000",2,3,1.828,2.172,4,3.172,3.828
968,"T2","1.000000",3,3,0.624,0.376,3.376,3.376,1.624
969,"T0","0.000000",3,1,2,0,3,3,3
970,"T1","1.000000",2,3,1.828,3.172,2.172,2.172,2.828
971,"T0","0.000000",3,2,1,1,3,3,0
972,"T1","1.000000",3,3,0,3.172,2.172,3.172,0
973,"T2","1.000000",1,1,0,4,2.376,4,3.624
974,"T1","1.000000",2,2,2.828,3.172,0.172,1.172,1.828
975,"T1","1.000000",1,1,0,2.172,4,4,0.828
976,"T2","1.000000",3,3,2.624,2.376,3.376,2.376,1.624
977,"T0","0.000000",1,1,1,3,4,3,4
978,"T1","1.000000",1,2,4,4,1.172,1.172,3.828
979,"T1","1.000000",1,3,1.828,4,2.172,4,2.828
980,"T2","1.000000",3,2,0,0.376,0.376,2.376,0
981,"T0","0.000000",1,3,2,2,2,4,3
982,"T1","1.000000",3,1,0,0,1.172,2.172,1.828
983,"T2","1.000000",1,3,2.624,3.376,3.376,2.376,0.624
984,"T0","0.000000",3,3,2,3,3,1,1
985,"T2","1.000000",3,3,2.624,0.376,3.376,0,0
986,"T0","0.000000",1,2,4,2,2,3,4
987,"T0","0.000000",3,1,2,1,1,1,1
988,"T2","1.000000",3,1,0,0.376,1.376,0.376,0
989,"T0","0.000000",1,1,0,3,3,4,1
990,"T2","1.000000",2,2,0.624,2.376,1.376,0.376,0
991,"T2","1.000000",2,1,1.624,2.376,4,0.376,3.624
992,"T0","0.000000",2,1,1,2,4,0,2
993,"T0","0.000000",3,3,2,1,0,0,1
994,"T1","1.000000",1,1,2.828,4,4,2.172,0.828
995,"T2","1.000000",2,3,4,2.376,4,4,0.624
996,"T2","1.000000",1,2,2.624,1.376,1.376,1.376,2.624
997,"T0","0.000000",3,1,0,0,0,0,3
998,"T2","1.000000",3,3,3.624,1.376,1.376,0,0.624
999,"T2","1.000000",1,1,3.624,3.376,4,4,1.624
1000,"T0","0.000000",2,1,0,0,0,3,3
